{
    "acc": [
        0.0,
        0.0,
        0.0,
        0.0,
        0.0,
        0.0,
        0.0,
        0.0,
        0.0,
        0.0,
        0.0,
        0.0,
        0.0,
        0.0,
        0.0,
        0.0,
        0.0,
        0.0,
        0.0,
        0.0,
        0.0,
        0.0,
        0.0,
        0.0,
        0.0,
        0.0,
        0.0,
        0.0,
        0.0,
        0.0,
        0.0,
        0.0,
        0.0,
        0.0,
        0.0,
        0.0,
        0.0,
        0.0,
        0.0,
        0.0,
        0.0,
        0.0,
        0.0,
        0.0,
        0.0,
        0.0,
        0.0,
        0.0,
        0.0,
        0.0,
        0.0,
        0.0,
        0.0,
        0.0,
        0.0,
        0.0,
        0.0,
        0.0,
        0.0,
        0.0,
        0.0,
        0.0,
        0.0,
        0.0,
        0.0,
        0.0,
        0.0,
        0.0,
        0.0,
        0.0,
        0.0,
        0.0,
        0.0,
        0.0,
        0.0,
        0.0,
        0.0,
        0.0,
        0.0,
        0.0,
        0.0,
        0.0,
        0.0,
        0.0,
        0.0,
        0.0,
        0.0,
        0.0,
        0.0,
        0.0,
        0.0,
        0.0,
        0.0,
        0.0,
        0.0,
        0.0,
        0.0,
        0.0,
        0.0,
        0.0
    ],
    "f1": [
        0.006153846153846154,
        0.0026143790849673205,
        0.0,
        0.0,
        0.004201680672268907,
        0.004357298474945534,
        0.004694835680751173,
        0.003846153846153846,
        0.0014992503748125937,
        0.004524886877828055,
        0.005025125628140703,
        0.0037383177570093464,
        0.003241491085899514,
        0.005221932114882507,
        0.0,
        0.006369426751592357,
        0.0027816411682892906,
        0.006079027355623101,
        0.0029112081513828236,
        0.0027173913043478256,
        0.003703703703703704,
        0.0032573289902280136,
        0.004264392324093817,
        0.0,
        0.002857142857142857,
        0.0013651877133105802,
        0.005830903790087463,
        0.0,
        0.005571030640668524,
        0.0037453183520599247,
        0.0015015015015015017,
        0.0,
        0.0,
        0.001440922190201729,
        0.004545454545454544,
        0.0013745704467353953,
        0.0026702269692923898,
        0.0,
        0.006514657980456026,
        0.00447427293064877,
        0.0072992700729927005,
        0.0,
        0.0046189376443418004,
        0.0015384615384615385,
        0.004830917874396135,
        0.004048582995951417,
        0.004415011037527594,
        0.003952569169960474,
        0.0,
        0.001504890895410083,
        0.002506265664160401,
        0.0,
        0.006097560975609756,
        0.0036496350364963507,
        0.007547169811320754,
        0.005988023952095808,
        0.0036630036630036634,
        0.0,
        0.003241491085899514,
        0.0,
        0.0034662045060658577,
        0.0,
        0.005376344086021506,
        0.0037243947858473,
        0.0031999999999999997,
        0.002699055330634278,
        0.006756756756756757,
        0.002421307506053269,
        0.0013879250520471894,
        0.006134969325153375,
        0.004555808656036446,
        0.002936857562408223,
        0.0049261083743842365,
        0.0041753653444676405,
        0.0,
        0.0014440433212996387,
        0.0,
        0.004219409282700422,
        0.001455604075691412,
        0.0,
        0.0025974025974025974,
        0.0049261083743842365,
        0.0,
        0.0,
        0.0,
        0.003610108303249097,
        0.006622516556291392,
        0.004347826086956523,
        0.0033898305084745766,
        0.0014224751066856333,
        0.007272727272727273,
        0.0,
        0.00606060606060606,
        0.005102040816326531,
        0.004830917874396135,
        0.0,
        0.004065040650406504,
        0.0,
        0.003472222222222222,
        0.004962779156327543
    ],
    "em": [
        0.0,
        0.0,
        0.0,
        0.0,
        0.0,
        0.0,
        0.0,
        0.0,
        0.0,
        0.0,
        0.0,
        0.0,
        0.0,
        0.0,
        0.0,
        0.0,
        0.0,
        0.0,
        0.0,
        0.0,
        0.0,
        0.0,
        0.0,
        0.0,
        0.0,
        0.0,
        0.0,
        0.0,
        0.0,
        0.0,
        0.0,
        0.0,
        0.0,
        0.0,
        0.0,
        0.0,
        0.0,
        0.0,
        0.0,
        0.0,
        0.0,
        0.0,
        0.0,
        0.0,
        0.0,
        0.0,
        0.0,
        0.0,
        0.0,
        0.0,
        0.0,
        0.0,
        0.0,
        0.0,
        0.0,
        0.0,
        0.0,
        0.0,
        0.0,
        0.0,
        0.0,
        0.0,
        0.0,
        0.0,
        0.0,
        0.0,
        0.0,
        0.0,
        0.0,
        0.0,
        0.0,
        0.0,
        0.0,
        0.0,
        0.0,
        0.0,
        0.0,
        0.0,
        0.0,
        0.0,
        0.0,
        0.0,
        0.0,
        0.0,
        0.0,
        0.0,
        0.0,
        0.0,
        0.0,
        0.0,
        0.0,
        0.0,
        0.0,
        0.0,
        0.0,
        0.0,
        0.0,
        0.0,
        0.0,
        0.0
    ],
    "coverem": [
        1.0,
        1.0,
        0.0,
        0.0,
        1.0,
        1.0,
        1.0,
        1.0,
        1.0,
        1.0,
        1.0,
        1.0,
        1.0,
        1.0,
        0.0,
        1.0,
        1.0,
        1.0,
        1.0,
        1.0,
        1.0,
        1.0,
        1.0,
        0.0,
        1.0,
        1.0,
        1.0,
        0.0,
        1.0,
        1.0,
        1.0,
        0.0,
        0.0,
        1.0,
        1.0,
        1.0,
        1.0,
        0.0,
        1.0,
        1.0,
        1.0,
        0.0,
        1.0,
        1.0,
        1.0,
        1.0,
        1.0,
        1.0,
        0.0,
        1.0,
        1.0,
        0.0,
        1.0,
        1.0,
        1.0,
        1.0,
        1.0,
        0.0,
        1.0,
        0.0,
        1.0,
        0.0,
        1.0,
        1.0,
        1.0,
        1.0,
        1.0,
        1.0,
        1.0,
        1.0,
        1.0,
        1.0,
        1.0,
        1.0,
        0.0,
        1.0,
        0.0,
        1.0,
        1.0,
        0.0,
        1.0,
        1.0,
        0.0,
        0.0,
        0.0,
        1.0,
        1.0,
        1.0,
        1.0,
        1.0,
        1.0,
        0.0,
        1.0,
        1.0,
        1.0,
        0.0,
        1.0,
        0.0,
        1.0,
        1.0
    ],
    "stringem": [
        0.0,
        0.0,
        0.0,
        0.0,
        0.0,
        0.0,
        0.0,
        0.0,
        0.0,
        0.0,
        0.0,
        0.0,
        0.0,
        0.0,
        0.0,
        0.0,
        0.0,
        0.0,
        0.0,
        0.0,
        0.0,
        0.0,
        0.0,
        0.0,
        0.0,
        0.0,
        0.0,
        0.0,
        0.0,
        0.0,
        0.0,
        0.0,
        0.0,
        0.0,
        0.0,
        0.0,
        0.0,
        0.0,
        0.0,
        0.0,
        0.0,
        0.0,
        0.0,
        0.0,
        0.0,
        0.0,
        0.0,
        0.0,
        0.0,
        0.0,
        0.0,
        0.0,
        0.0,
        0.0,
        0.0,
        0.0,
        0.0,
        0.0,
        0.0,
        0.0,
        0.0,
        0.0,
        0.0,
        0.0,
        0.0,
        0.0,
        0.0,
        0.0,
        0.0,
        0.0,
        0.0,
        0.0,
        0.0,
        0.0,
        0.0,
        0.0,
        0.0,
        0.0,
        0.0,
        0.0,
        0.0,
        0.0,
        0.0,
        0.0,
        0.0,
        0.0,
        0.0,
        0.0,
        0.0,
        0.0,
        0.0,
        0.0,
        0.0,
        0.0,
        0.0,
        0.0,
        0.0,
        0.0,
        0.0,
        0.0
    ],